-16384,-769,255
-20480,-2049,255
-18432,-1537,255
-18688,-1793,255
-19200,-1537,255
-19712,-4097,255
-17408,-4097,255
-20736,-769,255
-18432,-513,255
-18176,-1281,255
-19712,-2561,255
-18432,-3585,255
-18688,-2817,255
-20224,-4353,255
-20224,-1793,255
-19712,-2049,255
-18688,-2561,255
-19200,-3329,255
-19456,-3585,255
-20480,-2817,255
-19200,-1537,255
-18688,-1281,255
-20480,-2817,255
-20224,-3073,255
-17408,-3585,255
-18688,-1793,255
-18688,-5633,255
-20736,-1281,255
-19456,-1793,255
-17152,-1537,255
-20224,-3073,255
-18688,-2561,255
-22016,-3073,255
-20224,-2561,255
-21760,-769,255
-20736,-2561,255
-17920,-2817,255
-17408,-513,255
-20480,-3329,255
-16128,-3073,255
-20480,-3329,255
-19712,-4609,255
-20224,-1793,255
-17152,-3329,255
-19200,-1537,255
-19712,-2817,255
-17920,-3329,255
-17408,-1281,255
-17408,-3585,255
-19456,-1,255
-20480,-2049,255
-18176,-4865,255
-16896,-2561,255
-18688,-2561,255
-18432,-2049,255
-17920,-2049,255
-18688,-1281,255
-18432,-2817,255
-18432,255,0
-17920,-769,255
-21248,-5377,255
-19456,-2561,255
-20736,-3073,255
-19712,-4097,255
-19456,-1,255
-18688,-1793,255
-20480,-5377,255
-20736,-6145,255
-19712,-4097,255
-20736,-4353,255
-18688,-4865,255
-18176,-3073,255
-14848,-4353,255
-18688,-6145,255
-19712,-3585,255
-18432,-3073,255
-19200,-1793,255
-20736,-5889,255
-16128,-5633,255
-19200,-6401,255
-15104,-6401,255
-17408,-3585,255
-17920,-2817,255
-18432,-2817,255
-15872,-769,255
-14592,-2817,255
-15360,-2561,255
-15872,-2817,255
-16384,-769,255
-15872,-257,255
-13056,-1537,255
-12544,-1537,255
-16128,-513,255
-15104,-769,255
-11776,1279,0
-9728,1279,0
-12544,5119,0
-10240,3071,0
-13568,3071,0
-12544,5119,0
-9216,4607,0
-7936,5119,0
-7424,7423,0
-9728,7423,0
-10496,7423,0
-8448,8191,0
-8448,8959,0
-7936,9471,0
-7168,9471,0
-6912,9983,0
-5888,10751,0
-4096,12287,0
-4864,9983,0
-4608,11519,0
-5120,10751,0
-6400,12799,0
-5120,8959,0
-8448,12031,0
-7168,8959,0
-5888,9471,0
-6400,10239,0
-5120,9471,0
-6400,10751,0
-2304,11775,0
-5120,12031,0
-2560,8959,0
-2304,11775,0
-1280,9471,0
-768,9215,0
-768,10495,0
-1280,8959,0
512,10496,0
-1792,10239,0
-5120,9471,0
-3840,10751,0
-4608,6911,0
-6912,5375,0
-6400,2047,0
-5632,4095,0
-4096,-1,255
-7168,2047,0
-6144,-2561,255
-7936,-4097,255
-6144,-6913,255
-8447,-8961,255
-6399,-11521,255
-7167,-14593,255
-6399,-15873,255
-6143,-17409,255
-5887,-19201,255
-8191,-20225,255
-6143,-24833,255
-6143,-26369,255
-9727,-29697,255
-6143,32255,255
-6911,27903,255
-4863,26111,255
-6143,20479,255
-6143,18431,255
-6399,16383,255
-3071,11263,255
-4863,8447,255
-6143,4607,255
-4863,1535,255
-5631,-1025,254
-767,-2305,254
-1791,-9473,254
-255,-9729,254
-2559,-13825,254
-767,-16129,254
-1791,-18945,254
1,-20992,254
2305,-20736,254
-511,-23809,254
3585,-31488,254
3073,-30464,254
2817,32256,254
3585,-32000,254
2561,-30976,254
2561,32512,254
3841,-32256,254
5121,-30464,254
3073,-29184,254
769,-30720,254
3585,-26880,254
3585,-28160,254
1281,-25344,254
2305,-25088,254
4097,-26880,254
3073,-29696,254
4097,-29440,254
5889,32512,254
4097,30976,254
1793,28160,254
4865,28416,254
3841,26880,254
5121,23808,254
4609,19968,254
3841,19968,254
6913,14592,254
6401,16640,254
6401,13824,254
7169,13056,254
5889,8704,254
10241,9728,254
5633,8960,254
8449,9472,254
8961,8960,254
4865,11520,254
10753,9728,254
7425,13568,254
7169,15104,254
3841,18176,254
8193,20480,254
7425,20992,254
4609,21248,254
4097,25344,254
4609,26880,254
5633,32256,254
4865,-29440,254
6401,-26112,254
4097,-21248,254
4097,-16384,254
3073,-9728,254
2817,-4864,254
1793,-2048,254
2305,6912,255
-2815,8447,255
-3583,14079,255
-1279,17663,255
-8959,22783,255
-5631,23295,255
-6911,27391,255
-8191,28159,255
-7423,-32513,255
-6399,-29697,255
-6143,-26881,255
-7167,-20993,255
-6399,-18177,255
-5887,-11265,255
-4863,-8961,255
-2559,-4865,255
-3584,-5377,255
-3840,-1,255
-3584,-257,255
-4864,2047,0
-2816,4095,0
-3840,3839,0
-1792,4607,0
-1536,6143,0
-2560,6911,0
-1536,10495,0
-1280,13311,0
-2816,13055,0
-2304,14335,0
-768,15615,0
-768,16127,0
-3840,13823,0
512,17408,0
-1792,17663,0
1536,18944,0
1792,18688,0
2047,19456,0
1535,16128,0
1791,17152,0
-1537,15103,0
767,10752,0
255,12544,0
1535,9984,0
-513,8703,0
767,6144,0
-1025,2047,0
-1,-513,255
-1025,-3329,255
-513,-6145,255
-3585,-9729,255
-513,-12545,255
-257,-13313,255
-257,-18433,255
-1281,-19457,255
-1025,-21505,255
-1282,-25601,255
-1026,-26625,255
1534,-26880,255
-1538,-28417,255
1022,-31488,255
-514,-32513,255
2558,-32256,255
254,29952,255
510,28416,255
-2,26111,255
254,24320,255
254,24831,255
510,22272,255
-1026,22271,255
-514,19711,255
1022,18176,255
-1026,15615,255
-514,15359,255
1022,15104,255
-258,14335,255
-1026,12031,255
-1282,15359,255
1022,15104,255
-1282,15871,255
-1026,13055,255
-514,15871,255
-1026,15615,255
-1538,17663,255
254,15360,255
-514,17151,255
1022,16896,255
-1026,19967,255
2046,21760,255
2046,23040,255
-514,22783,255
-258,28159,255
-1282,27903,255
-2818,30463,255
-1538,-32001,255
-2818,-28417,255
-1282,-27649,255
-3330,-24321,255
-2818,-23553,255
-2817,-18433,255
-2305,-16641,255
-3585,-14081,255
-257,-11009,255
-1281,-8705,255
-2561,-3585,255
-1537,-4097,255
-2305,-257,255
-4609,4095,0
-2561,5375,0
-2561,7935,0
-6657,9215,0
-6145,8959,0
-8193,11519,0
-9217,11775,0
-12545,16895,0
-12289,12287,0
-13825,14591,0
-14337,14591,0
-14593,14335,0
-15873,13567,0
-14593,15615,0
-16128,14847,0
-15104,15871,0
-20736,14335,0
-20736,11775,0
-21248,13823,0
-19200,13311,0
-21760,11519,0
-21248,13823,0
-19200,13311,0
-16896,13055,0
-15872,11519,0
-12544,11519,0
-9728,15103,0
-6400,13311,0
1280,13056,0
5632,12032,0
11264,12544,0
13568,10752,0
15872,10752,0
20480,8704,0
24832,7168,0
29440,7168,0
32000,6400,0
-31488,7680,0
-29184,6656,0
-26112,5120,0
-23040,0,0
-17408,-3328,255
-13824,-6144,255
-11264,-7424,255
-8192,-12800,255
-7936,-14848,255
-3584,-17664,255
1024,-22783,255
3328,-29439,255
6400,-31487,255
5376,27905,255
9472,20993,255
12288,16385,255
12032,10753,255
11008,6657,255
13568,3585,255
12800,-1023,254
14336,-6911,254
14592,-9727,254
11776,-13055,254
9984,-19199,254
11008,-22527,254
8448,-23807,254
7936,-28415,254
7936,-28415,254
6656,32001,254
3840,28417,254
1792,29185,254
2816,26881,254
-1024,20992,254
768,19969,254
512,19713,254
-256,17152,254
-256,19712,254
-512,18688,254
-1536,19200,254
0,17409,254
1024,20481,254
1024,18688,254
-512,17920,254
2048,16897,254
512,17153,254
-256,19200,254
-1536,20480,254
-512,19968,254
-256,19200,254
-1024,20480,254
-1280,19968,254
-1792,21248,254
768,21249,254
0,21249,254
-2816,20992,254
-1792,18688,254
-2304,18432,254
0,18689,254
-1280,13824,254
0,15105,254
768,16385,254
-1280,19456,254
-1536,14592,254
-1024,19712,254
-1280,17408,254
-512,22016,254
5120,21505,254
2048,28929,254
4608,28929,254
7680,-31999,254
6400,-28927,254
9984,-21503,254
13312,-12287,254
9728,-4863,254
10240,1281,255
11008,5121,255
14080,12289,255
6400,18177,255
9472,24321,255
4096,29185,255
4608,-31231,255
3328,-28159,255
-1024,-21504,255
0,-18687,255
-2560,-16128,255
-6144,-13312,255
-7168,-12544,255
-9472,-7680,255
-12544,-6144,255
-16128,-5120,255
-16896,-256,255
-17408,-768,255
-26880,2816,0
-30464,4864,0
24064,7680,0
18176,9728,0
14592,7424,0
8192,10752,0
-768,10495,0
-4096,10495,0
-8960,8703,0
-15872,8191,0
-19456,3583,0
-20736,4863,0
-26368,2047,0
31744,-1537,255
23040,-7169,255
17152,-15873,255
13312,-17153,255
11264,-24833,255
8448,-24833,255
4864,-27649,255
4352,-29953,255
2304,-30721,255
256,29695,255
-1024,24830,255
-4096,21246,255
-4608,17662,255
-5632,13566,255
-3840,7166,255
-5632,1534,255
-7680,-258,254
-7424,-6402,254
-8960,-7170,254
-7936,-8706,254
-8704,-15618,254
-7168,-14082,254
-6144,-20226,254
-4608,-23298,254
-5632,-29954,254
-6144,32254,254
-2816,31486,254
-2048,29694,254
-3840,25598,254
0,28415,254
1024,26879,254
-768,25854,254
1280,25855,254
-768,25342,254
-1024,25086,254
1024,25599,254
256,24319,254
1536,23039,254
256,24319,254
1280,22271,254
1280,21503,254
1536,21247,254
2816,23807,254
512,23550,254
-1024,25342,254
256,23551,254
-3072,28158,254
-4096,32766,254
-4608,-28930,254
-6144,-27138,254
-8448,-21762,254
-12032,-16898,254
-7936,-9986,254
-7168,-4610,254
-9728,254,255
-7680,4606,255
-8960,8958,255
-5120,15358,255
-4096,24574,255
-512,30974,255
512,-29697,255
1280,-30977,255
1792,-25345,255
6912,-22529,255
9216,-19713,255
11264,-15873,255
13824,-13313,255
15616,-9985,255
19456,-4353,255
23808,-4097,255
24064,-3073,255
28160,1023,0
-32512,3839,0
-30976,2047,0
-30720,511,0
-26112,3071,0
-24320,8191,0
-23040,5119,0
-24320,3839,0
-25088,6399,0
-23040,5887,0
-27392,5375,0
-26112,4863,0
-25344,4095,0
-21760,6399,0
-21760,6911,0
-22784,8703,0
-19200,10239,0
-16384,9471,0
-14848,7935,0
-16384,10751,0
-14592,10495,0
-10240,10751,0
-9728,11519,0
-10240,10495,0
-12544,8959,0
-11776,9471,0
-11264,12031,0
-12800,8703,0
-14848,11775,0
-15360,13567,0
-13056,12799,0
-14592,13311,0
-20224,13567,0
-19712,12799,0
-22016,11775,0
-19712,12799,0
-20480,15103,0
-22016,14847,0
-22016,13055,0
-24320,12799,0
-24832,13055,0
-23040,13311,0
-24832,12287,0
-25088,12287,0
-22784,12287,0
-25601,12799,0
-24833,11519,0
-21505,9471,0
-22273,10239,0
-22785,9471,0
-23297,11775,0
-23553,12799,0
-19201,14335,0
-19969,14847,0
-20481,13567,0
-18945,12031,0
-16129,12031,0
-17153,13055,0
-17921,9983,0
-15105,11007,0
-21505,10239,0
-22273,9471,0
-22529,6655,0
-19457,6399,0
-21249,4095,0
-17665,3839,0
-16641,6655,0
-18945,8191,0
-15873,4863,0
-13825,6143,0
-13825,4863,0
-14337,2559,0
-9473,3583,0
-7681,4607,0
-3329,4095,0
-4353,2047,0
255,-512,255
4351,256,0
7423,3072,0
8191,512,0
11007,-768,255
16383,-2048,255
20735,-4352,255
18943,-7680,255
20991,-6400,255
21503,-4864,255
22015,-6144,255
22015,-6656,255
25599,-6400,255
26367,-6400,255
30463,-7168,255
-32513,-7680,255
-27649,-4864,255
-22017,-5888,255
-23553,-6144,255
-20993,-7424,255
-20225,-6144,255
-17665,-7424,255
-13825,-5120,255
-13313,-8448,255
-11521,-4352,255
-12545,-6400,255
-9217,-7168,255
-10241,-7424,255
-6401,-7936,255
-6401,-6656,255
-6657,-5888,255
-5889,-5120,255
-7425,-5120,255
-6913,-6144,255
-8961,-4352,255
-6657,-3328,255
-7937,-2816,255
-6913,-2304,255
-10753,-2048,255
-10753,-2816,255
-9217,-2816,255
-8961,-3072,255
-9729,-1792,255
-11521,-1792,255
-11521,512,0
-15873,2816,0
-15361,256,0
-18945,1792,0
-19969,1536,0
-21505,4864,0
-23553,4352,0
-22529,2816,0
-24577,5120,0
-24833,5632,0
-26881,4864,0
-26113,4352,0
-27905,3840,0
-25857,3840,0
-27137,5120,0
-26625,4608,0
-26113,3072,0
-28161,3584,0
-28673,6400,0
-31489,5632,0
31231,4864,0
30463,3840,0
31999,3840,0
27647,3328,0
25343,6144,0
25599,5120,0
25343,6656,0
24319,7168,0
19967,6144,0
18943,8448,0
18431,8448,0
15615,8960,0
14079,6656,0
12031,6656,0
16127,3072,0
9471,7936,0
10751,6656,0
8191,6656,0
8447,6400,0
5375,6656,0
1023,5888,0
-1281,6655,0
-2561,5375,0
-6145,4607,0
-6145,6655,0
-6657,6655,0
-8961,6399,0
-11521,5119,0
-13569,5119,0
-17921,4095,0
-18177,2047,0
-23809,3071,0
-27393,2047,0
-30209,1279,0
-32513,-1281,255
31743,-1793,255
30719,-2817,255
28415,-513,255
27135,-1281,255
28671,-2817,255
23807,-513,255
25087,-513,255
22527,-1,255
19711,3071,0
21759,1023,0
18687,255,0
19711,-513,255
21248,1279,0
20736,1791,0
22272,3327,0
22528,1279,0
23808,4607,0
28160,4863,0
28160,6143,0
29440,5375,0
29696,4607,0
31232,2559,0
-30976,4607,0
-28160,6143,0
-28672,6143,0
-29440,3583,0
-28416,8959,0
-29184,5887,0
-25344,6655,0
-24832,5375,0
-20736,7935,0
-23808,6911,0
-20736,6655,0
-21504,7935,0
-21760,6399,0
-21248,6911,0
-19712,8703,0
-20224,10239,0
-21504,8703,0
-21760,8959,0
-20480,9471,0
-21760,8959,0
-21248,8191,0
-21248,9471,0
-21248,6911,0
-21248,8191,0
-18432,8959,0
-21760,6911,0
-19456,7935,0
-14848,8703,0
-15360,8703,0
-16896,9215,0
-15104,8959,0
-16896,7423,0
-16128,8703,0
-14848,6143,0
-11776,6399,0
-14080,7935,0
-10240,7423,0
-10240,7423,0
-6144,5375,0
-8192,6143,0
-5632,6143,0
-3072,6399,0
-4096,7423,0
-5632,5375,0
-2304,7423,0
-3584,6655,0
-2816,8703,0
-2816,7423,0
-2816,5375,0
-1536,6143,0
-2560,7679,0
-4864,6655,0
-2816,7423,0
-3840,6399,0
-5120,5119,0
-1280,6399,0
-3072,6399,0
-1280,4607,0
-1536,4095,0
-2560,5887,0
-2304,6400,0
-2560,5375,0
-3584,3583,0
-2304,7423,0
1792,7936,0
1792,6656,0
768,4608,0
7168,7936,0
12544,6144,0
13824,5632,0
18432,6144,0
19456,10240,0
24832,6400,0
25088,7424,0
26880,5888,0
26112,4608,0
27648,3072,0
29696,3072,0
32512,1024,0
-29696,-1024,255
-26880,2816,0
-23040,1792,0
-20736,768,0
-17408,-512,255
-18944,256,0
-15872,-1792,255
-13312,1024,0
-12800,768,0
-15872,1024,0
-13568,768,0
-15104,3072,0
-14848,2048,0
-13824,1792,0
-14080,3328,0
-16640,512,0
-14848,2816,0
-14080,768,0
-14592,0,0
-16640,1792,0
-14593,2048,0
-18689,2816,0
-15617,512,0
-16641,1536,0
-19201,1536,0
-16385,1792,0
-18689,-512,255
-15361,768,0
-15873,1536,0
-17153,2816,0
-18689,2816,0
-22273,1792,0
-23809,4608,0
-27649,5632,0
-26113,3072,0
-24577,3840,0
-26113,4864,0
-23809,2816,0
-30209,6656,0
29951,7936,0
30719,7424,0
24575,8704,0
27391,7424,0
24319,9728,0
27135,7168,0
27135,8448,0
26367,10240,0
22271,6400,0
22271,8960,0
20735,7424,0
18431,10496,0
17151,9728,0
14079,7424,0
11775,8960,0
12799,7424,0
12031,7936,0
9215,9728,0
9471,7936,0
6143,3584,0
4863,7936,0
2815,6144,0
1791,6400,0
-1281,7423,0
-5889,6143,0
-6913,6399,0
-10497,4095,0
-11265,2303,0
-16897,4607,0
-19969,5375,0
-17921,2303,0
-23553,3327,0
-22785,5119,0
-21505,2047,0
-22529,4863,0
-21761,6143,0
-21761,4863,0
-19457,7679,0
-19969,5375,0
-19457,6399,0
-16641,3583,0
-18433,5375,0
-17921,3583,0
-14849,5887,0
-13825,6655,0
-8961,4607,0
-8961,6399,0
-5633,6911,0
-3841,4863,0
-1537,3839,0
-1025,3839,0
4351,3328,0
3327,512,0
6143,-512,255
8703,512,0
9215,-256,255
12031,-2304,255
11007,-3328,255
15615,-4608,255
18687,-5632,255
18943,-9728,255
23807,-8960,255
26367,-8448,255
29695,-7680,255
32255,-7168,255
-29185,-6400,255
-25601,-4864,255
-23297,-4608,255
-22017,-7168,255
-20225,-8704,255
-20225,-5632,255
-17665,-7424,255
-21249,-5888,255
-21505,-6144,255
-18689,-3840,255
-16897,-4864,255
-16897,-4352,255
-17665,-512,255
-16385,-1024,255
-18689,-768,255
-20225,512,0
-17921,768,0
-16385,-1792,255
-15361,-1536,255
-14849,-1024,255
-15873,256,0
-18177,0,0
-22785,4352,0
-26881,7424,0
-25857,6400,0
-22529,4608,0
-18945,4352,0
-20993,3072,0
-19713,4864,0
-21249,3328,0
-20225,2304,0
-18177,3584,0
-18432,3584,0
-19456,3328,0
-20736,8448,0
-25856,9216,0
-30720,11520,0
-30208,12032,0
-30208,12032,0
-26880,10240,0
-26112,10752,0
-28928,10240,0
-30720,8960,0
-27904,9984,0
-30464,7424,0
-31232,7936,0
-31488,8448,0
32512,9984,0
30208,8448,0
32512,9216,0
24832,9728,0
27392,9728,0
25856,7936,0
24320,8704,0
20224,10752,0
21504,11520,0
18688,9728,0
13568,12800,0
8960,8960,0
7424,11520,0
3072,12544,0
1792,11776,0
0,11264,0
-1792,9215,0
-5120,7935,0
-5888,6911,0
-6400,8959,0
-6400,9471,0
-9216,8959,0
-10240,7423,0
-8448,8959,0
-7424,6143,0
-8448,6399,0
-3840,5119,0
-3072,5119,0
-1280,7679,0
0,7936,0
4608,7936,0
9472,6400,0
11264,8704,0
10752,10240,0
12544,9216,0
18688,7168,0
16128,6400,0
19200,4352,0
23040,2816,0
24064,768,0
29440,2048,0
29440,-2048,255
-29696,-2304,255
-24064,-6400,255
-21760,-11264,255
-16896,-15872,255
-15872,-18176,255
-13568,-20224,255
-14591,-27392,255
-16127,-32768,255
-14591,31232,255
-16895,21504,255
-19199,18688,255
-21759,10496,255
-24831,7680,255
-31231,-256,254
30721,-6144,254
26881,-10752,254
25857,-16640,254
22529,-20480,254
17153,-26112,254
13057,-32256,254
8193,28416,254
10241,26624,254
6913,22784,254
4097,21504,254
-2559,17663,254
-6399,17663,254
-10751,12543,254
-11775,7167,254
-14591,4607,254
-15103,3327,254
-14591,-1025,253
-17407,-2561,253
-15871,-4865,253
-17919,-6145,253
-22015,-7681,253
-20480,-10497,253
-22784,-10753,253
-19456,-12545,253
-24320,-17409,253
-24064,-14593,253
-24832,-16385,253
-22016,-15873,253
-20736,-16385,253
-22016,-19457,253
-22528,-17409,253
-22016,-15873,253
-21504,-17153,253
-22016,-14593,253
-21248,-14849,253
-17920,-13057,253
-20736,-12545,253
-21247,-7425,253
-23551,-2561,253
-27135,4607,254
-28415,9727,254
-26879,15615,254
-25855,23551,254
-26111,28671,254
-26367,-27649,254
-26367,-19457,254
-26367,-12033,254
-29695,-3841,254
-30207,3327,255
-28671,11007,255
-28159,15871,255
-29695,23807,255
-30463,30207,255
-30719,-29441,255
31745,-27137,255
32257,-22529,255
30209,-16385,255
31744,-14593,255
29184,-12801,255
27904,-7681,255
29696,-1537,255
30208,-3585,255
30464,255,0
27136,1279,0
26112,1023,0
21248,-769,255
12544,-4097,255
13568,-4865,255
12031,-7169,255
11519,-8449,255
14335,-6913,255
13823,-7425,255
15103,-13057,255
15103,-16385,255
11775,-18689,255
15103,-22529,255
15103,-26369,255
14847,-29953,255
14335,32255,255
17407,32511,255
18431,25343,255
19199,22271,255
23295,18943,255
22015,17663,255
24318,15359,255
24318,12799,255
27134,12287,255
25086,8447,255
32510,5887,255
-30466,4095,255
-29442,-1281,254
-26882,-5121,254
-22786,-7681,254
-18946,-7681,254
-11778,-14081,254
-7938,-17409,254
-6658,-18433,254
-1282,-19201,254
3838,-18688,254
7166,-21248,254
7678,-23808,254
15358,-29184,254
17150,-29440,254
20990,-26880,254
24574,-27904,254
28670,-29184,254
-31234,-27648,254
-27906,-26880,254
-26882,-26112,254
-20481,-25600,254
-15873,-21248,254
-12033,-19968,254
-8705,-15104,254
-4353,-12800,254
-4609,-11264,254
-2561,-7168,254
-1025,-6656,254
255,-1023,254
4607,769,255
4607,1,255
7935,5121,255
7679,7937,255
8191,11009,255
10495,15617,255
11519,21761,255
13311,22529,255
11007,23553,255
11263,29441,255
9983,30721,255
12031,-32255,255
10495,-29695,255
9727,-26367,255
9215,-24063,255
5632,-20991,255
5376,-16895,255
3840,-13311,255
-3328,-11776,255
-4864,-8448,255
-8448,-4608,255
-13312,1792,0
-19456,1536,0
-22528,3072,0
-27904,6656,0
-31488,6400,0
30976,6656,0
28160,8448,0
23552,10240,0
15360,13312,0
13056,11776,0
8448,10496,0
3840,12544,0
-1792,10239,0
-4096,7423,0
-8192,5375,0
-9216,5119,0
-13056,255,0
-20736,-3073,255
-22016,-3073,255
-25344,-9473,255
-29184,-14081,255
-26880,-15105,255
-28159,-19457,255
-30207,-24833,255
-30975,-31745,255
-30975,30207,255
32513,24575,255
30465,19967,255
31233,13055,255
30721,2815,255
29185,-9985,254
29185,-16385,254
32257,-26113,254
-32767,-32257,254
32513,23551,254
-30975,14079,254
-30463,6399,254
-30719,2303,254
-28671,-1281,253
-31488,-8961,253
-30976,-12289,253
-29696,-16129,253
-29440,-20225,253
-30976,-23041,253
-30208,-25857,253
-29184,-28673,253
-27648,-31233,253
-24832,-32257,253
-19712,-32513,253
-16128,-32257,253
-15873,32767,253
-14337,-30465,253
-13569,-31233,253
-15873,-32257,253
-16641,32255,253
-15617,-28161,253
-13569,-29441,253
-11521,-28161,253
-13569,-28673,253
-12289,-25601,253
-10497,-28929,253
-9473,-23553,253
-10241,-25601,253
-6657,-29697,253
-8705,-29697,253
-6657,-27137,253
-3329,-28417,253
-4865,-26113,253
-1025,-24833,253
-1281,-25345,253
-1025,-24833,253
255,-26368,253
1535,-26368,253
-1,-28929,253
1023,-29952,253
2047,-32768,253
-1,-30209,253
-1,31487,253
-1025,-31233,253
-2817,-31233,253
-2561,-32257,253
-2561,31487,253
511,32000,253
767,32256,253
2815,29696,253
2047,29696,253
3839,31232,253
3584,32512,253
4864,29440,253
7168,27904,253
1280,31488,253
2304,29440,253
2560,-31488,253
256,31232,253
768,30720,253
-1280,32511,253
-4864,-32257,253
-5120,-31745,253
-7424,-32257,253
-6912,-30977,253
-12544,-26881,253
-15360,-26369,253
-16384,-24833,253
-18688,-24577,253
-15360,-21505,253
-16128,-22785,253
-17920,-21249,253
-17408,-18945,253
-16384,-19969,253
-21760,-17921,253
-24064,-13825,253
-26368,-13057,253
-30720,-9473,253
31488,-6401,253
29184,-4865,253
24064,-769,253
24064,2303,254
14080,4863,254
11264,11519,254
4864,13823,254
1024,21247,254
-2304,21758,254
-3328,24574,254
-5376,25342,254
-9984,28414,254
-10240,-29954,254
-14080,-23298,254
-15104,-24322,254
-14080,-22530,254
-15616,-20994,254
-16128,-18946,254
-20224,-19714,254
-16896,-19202,254
-18944,-17922,254
-17664,-16130,254
-17920,-19458,254
-18688,-17666,254
-21760,-18434,254
-20224,-17922,254
-20993,-14594,254
-19457,-8450,254
-19713,-3842,254
-19713,-770,254
-17153,-1282,254
-14337,3070,255
-13313,1022,255
-10497,5118,255
-8705,7934,255
-5889,7422,255
-4097,1022,255
-513,3838,255
511,4095,255
7935,6655,255
7423,511,255
11775,-257,254
16383,-1025,254
16894,-2561,254
25342,-3073,254
28670,-1281,254
-31746,-2305,254
-31234,-2817,254
-21250,-1793,254
-17666,255,255
-15874,-257,254
-6914,-1537,254
-4610,-1025,255
-1026,-3073,255
5886,1280,255
9214,5120,255
13054,4352,255
16638,8448,255
19966,9216,255
24062,14848,255
27390,16128,255
29950,20992,255
-30210,24832,255
-29442,30464,255
-26113,-29952,255
-21505,-26880,255
-23297,-22272,255
-19201,-18944,255
-18689,-14592,255
-17153,-12032,255
-17665,-8704,255
-15873,-5888,255
-16897,-3072,255
-17665,3072,0
-21249,1536,0
-20993,3584,0
-22273,5888,0
-23809,8960,0
-25856,8704,0
-27392,10752,0
-30208,10752,0
-32256,13312,0
29440,14592,0
25344,15360,0
21248,13056,0
17408,16640,0
13824,14848,0
8448,13056,0
9472,14080,0
5632,12032,0
2560,12544,0
2304,11520,0
-1536,9215,0
-3840,8191,0
-3072,6911,0
-5632,3583,0
-7424,1791,0
-7424,-1281,255
-12032,-2049,255
-11520,-3073,255
-15104,-4097,255
-15104,-8961,255
-14848,-9985,255
-16127,-11265,255
-16127,-16897,255
-18431,-18433,255
-16383,-22785,255
-17919,-26113,255
-16895,-30721,255
-14847,-32001,255
-14079,29695,255
-14591,27647,255
-14847,26111,255
-12543,24575,255
-11263,19455,255
-11775,16383,255
-11775,9471,255
-11775,5631,255
-8959,1023,255
-9215,-5633,254
-5631,-9729,254
-4607,-11009,254
-3583,-14081,254
-7423,-17409,254
-4095,-23041,254
-6143,-27393,254
-6399,-30209,254
-6911,28671,254
-3071,23551,254
-4607,17151,254
-8191,10495,254
-8191,7423,254
-8447,-1793,253
-10751,-5889,253
-8447,-9217,253
-9216,-13569,253
-8192,-17153,253
-8192,-21505,253
-8192,-25345,253
-11264,-27393,253
-12544,-30465,253
-8448,-31745,253
-9728,31743,253
-8960,31487,253
-5888,30463,253
-7936,29439,253
-9216,32511,253
-11521,-32513,253
-14849,-31233,253
-13569,-29441,253
-13313,-28929,253
-12545,-27137,253
-11009,-24321,253
-10241,-24833,253
-11265,-25345,253
-9473,-25601,253
-9217,-28417,253
-11009,-27393,253
-10497,-28929,253
-11521,-28673,253
-12801,-31745,253
-17153,-28929,253
-13313,32767,253
-14337,32511,253
-15105,-31489,253
-17921,32255,253
-19969,30207,253
-20480,-31745,253
-21248,30463,253
-21504,32767,253
-20736,31487,253
-19456,-31489,253
-23808,-28673,253
-24832,-25345,253
-21504,-22017,253
-21760,-21249,253
-20224,-15105,253
-20224,-13313,253
-23807,-7937,253
-19455,-2049,253
-18687,-769,253
-19455,2303,254
-14079,8703,254
-14591,10239,254
-15103,18943,254
-13823,22271,254
-14079,27647,254
-11775,30463,254
-9215,-30721,254
-8959,-23041,254
-7423,-19713,254
-4607,-12033,254
-5119,-7681,254
-2559,-2817,254
-767,4351,255
2561,5888,255
4865,11264,255
9473,20224,255
10753,23808,255
12801,31488,255
20225,-30976,255
23809,-29440,255
27393,-22272,255
30465,-21760,255
-30463,-21760,255
-23551,-23296,255
-23039,-23040,255
-17408,-25344,255
-18175,-25344,255
-15871,-26880,255
-15871,-30720,255
-13823,32256,255
-14079,-31488,255
-11775,-32000,255
-11775,31744,255
-11775,31232,255
-12544,-29184,255
-12800,-25088,255
-15104,-23296,255
-17407,-18432,255
-21760,-15616,255
-25600,-10752,255
-27904,-10496,255
-32768,-7168,255
28416,-4352,255
24320,-2304,255
20736,-768,255
15104,-1792,255
14848,256,0
9472,4608,0
6400,6656,0
3072,6144,0
256,7680,0
-1792,6399,0
-7424,8703,0
-8960,8703,0
-12032,6655,0
-17408,9983,0
-18688,9215,0
-21760,8959,0
-22016,10495,0
-24064,11007,0
-24320,12799,0
-25856,10239,0
-26112,11775,0
-26112,11775,0
-25601,12031,0
-25857,12287,0
-24065,10239,0
-25089,10495,0
-25601,9471,0
-26625,14847,0
-28161,11519,0
-26880,9983,0
-25344,14847,0
-21760,12031,0
-23808,13823,0
-23808,12799,0
-21760,12031,0
-23808,11519,0
-21248,10751,0
-21504,12287,0
-18432,10239,0
-19456,10495,0
-16384,10751,0
-14592,11519,0
-13056,9471,0
-12800,8703,0
-12032,6399,0
-9216,4607,0
-11264,2303,0
-11264,2047,0
-11520,1023,0
-12800,-1281,255
-13824,-2049,255
-14848,-5633,255
-13056,-7169,255
-16127,-9985,255
-17407,-13057,255
-18175,-12545,255
-17151,-15873,255
-17919,-17921,255
-15103,-20993,255
-16895,-24321,255
-16895,-28161,255
-19455,-31233,255
-19711,31999,255
-19455,29183,255
-21247,28159,255
-22015,24831,255
-23551,21759,255
-23551,17151,255
-22783,15103,255
-20735,9727,255
-23807,6911,255
-23551,5375,254
-20479,-1281,254
-24063,-6657,254
-23551,-11521,254
-25343,-19201,254
-28159,-28673,254
-29439,31231,254
-29183,21503,254
-28159,14335,254
-29695,7679,254
-30463,255,254
-29695,-4865,253
-28672,-10241,253
-25344,-13313,253
-25088,-17921,253
-28416,-19201,253
-27392,-22785,253
-27392,-25345,253
-31744,-25601,253
-30464,-27393,253
-32512,-29441,253
-32000,32767,253
-30720,32767,253
31744,-29697,253
31744,-29953,253
30720,-28417,253
29184,-30465,253
29695,-32257,253
30975,-28417,253
30975,-30977,253
29696,32511,253
30208,-29697,253
-32000,-30977,253
-32768,-31489,253
32256,-29697,253
31744,-31233,253
-29184,-30465,253
-31488,-30977,253
-28416,-29441,253
-28672,-27137,253
-29696,-21761,253
-30464,-19201,253
32256,-14593,253
30208,-6401,253
29185,255,254
26369,7167,254
24833,16127,254
24065,21759,254
24065,30719,254
22529,-26369,254
22785,-18433,254
21249,-11265,254
23553,-2817,254
23041,3071,255
19969,8703,255
21761,13055,255
20737,13567,255
20481,14335,255
19457,18431,255
18433,22527,255
18177,25343,255
16897,30207,255
15873,-30721,255
13568,-31233,255
16640,-29185,255
19200,-24065,255
17920,-20993,255
18432,-21505,255
20480,-18433,255
23040,-12289,255
24832,-9473,255
23040,-8449,255
24576,-7169,255
22528,-6401,255
19968,-5889,255
21248,-4609,255
17152,-6401,255
13568,-6913,255
13312,-7169,255
13824,-6401,255
12800,-4865,255
11008,-6913,255
11008,-9473,255
13568,-5633,255
15616,-6913,255
14848,-6145,255
12800,-6145,255
11776,-7169,255
11776,-4609,255
10240,-5633,255
11008,-8705,255
5888,-9729,255
3840,-12289,255
512,-14593,255
-1280,-15362,255
-3840,-22018,255
-3328,-22274,255
-2816,-23042,255
-5121,-25090,255
-3841,-26882,255
-2049,-25602,255
-6145,-25090,255
-4353,-26626,255
-6145,-28930,255
-6401,-32258,255
-7681,28158,255
-6145,27902,255
-7425,22270,255
-7681,16894,255
-4865,15870,255
-3841,13822,255
-3073,7422,255
-2561,510,255
-2817,-3586,254
-1025,-10754,254
-513,-15618,254
3071,-22273,254
4863,-24577,254
3071,-30465,254
5375,32255,254
6399,26879,254
8191,20991,254
8191,20223,254
10751,14079,254
11775,8703,254
10239,4095,254
13055,511,254
12799,-1025,253
14335,-5889,253
11519,-6657,253
16383,-6401,253
15871,-11777,253
14847,-11777,253
16383,-14593,253
16127,-14337,253
18431,-16385,253
18431,-19457,253
19199,-18433,253
20223,-18689,253
20991,-23297,253
24319,-22785,253
21503,-23041,253
21759,-22017,253
22527,-23297,253
22783,-25601,253
23295,-25601,253
24831,-24065,253
20479,-26369,253
24319,-22017,253
23807,-22785,253
22015,-24321,253
22015,-21761,253
21503,-19201,253
22527,-21505,253
18175,-19201,253
14847,-12289,253
15871,-10241,253
13823,-4609,253
8447,-1,253
7167,11775,254
10495,16127,254
7935,22527,254
1535,27135,254
5375,32255,254
4863,-24577,254
5375,-14593,254
5119,-5889,254
7167,1535,255
5887,7167,255
6143,9471,255
7167,19711,255
6143,28927,255
9215,-29441,255
9727,-23809,255
11263,-18689,255
12799,-17153,255
11775,-12545,255
11775,-11777,255
14335,-8705,255
15103,-4353,255
17663,-1281,255
17663,-513,255
17920,-769,255
18944,-513,255
23040,767,0
20736,1791,0
22784,2303,0
23808,767,0
23040,2559,0
27904,767,0
21760,4607,0
25088,3327,0
29440,3839,0
31232,3839,0
-31744,4607,0
-30976,5119,0
32512,6399,0
-32000,5375,0
-32000,5375,0
-28672,4863,0
-26880,3583,0
-24832,4863,0
-22528,6399,0
-18176,6143,0
-18432,5119,0
-12544,7679,0
-10752,6655,0
-9216,6911,0
-4096,4095,0
-1792,5119,0
-256,3583,0
4864,2816,0
8192,4608,0
12032,1024,0
14848,5120,0
19712,2304,0
19712,4864,0
22016,5120,0
23040,3584,0
23552,3328,0
29696,1024,0
31744,3072,0
32000,3840,0
-30208,3328,0
-28160,2048,0
-27136,5632,0
-28928,5120,0
-28160,4608,0
-25856,3072,0
-25600,4608,0
-23808,6656,0
-23552,5888,0
-26112,6400,0
-23808,6144,0
-26368,6144,0
-24576,9984,0
-28160,10240,0
-27392,7936,0
-24832,10496,0
-25600,8960,0
-22528,8704,0
-20480,10496,0
-21248,9984,0
-22017,8960,0
-21249,6400,0
-18945,5632,0
-18689,5120,0
-18177,3072,0
-22017,768,0
-21505,3584,0
-22017,2048,0
-24321,1024,0
-27649,3584,0
-28673,3328,0
-32257,2304,0
-32001,256,0
-31233,768,0
32767,1792,0
-32001,-1536,255
-31489,-512,255
27647,-1536,255
27647,-768,255
25087,768,0
21503,1024,0
18431,-256,255
16127,512,0
13311,1024,0
16383,3840,0
14079,1024,0
13823,1536,0
9471,6144,0
9727,768,0
11519,1792,0
10495,1536,0
8703,1792,0
11007,3840,0
11775,-2048,255
10495,-256,255
10495,-1536,255
7167,-2816,255
8191,-4864,255
11007,-2048,255
8703,-4352,255
9983,-4864,255
10751,-3072,255
12799,-4864,255
13823,-7168,255
16639,-6144,255
20991,-3840,255
19967,-3584,255
19455,-1024,255
19711,256,0
17407,1024,0
20991,1536,0
23295,3072,0
27903,3584,0
